[
  {
    
    "language": "English",
    "link": "https://en.wikipedia.org/wiki/netflix.com/\n",
    "pages": 209,
    "title": "Netflix"
    
  },
  {
    "language": "English",
    "link": "https://en.wikipedia.org/wiki/levis.com/\n",
    "pages": 209,
    "title": "Levis"
  },
  {
    "language": "English",
    "link": "https://en.wikipedia.org/wiki/puma.com/\n",
    "pages": 209,
    "title": "Puma"
  },
  {
    "language": "English",
    "link": "https://en.wikipedia.org/wiki/salesforce.com/\n",
    "pages": 209,
    "title": "Salesforce"
  },
  {
    "language": "English",
    "link": "https://en.wikipedia.org/wiki/adidas.com/\n",
    "pages": 209,
    "title": "Adidas"
  },
  {
    "language": "English",
    "link": "https://en.wikipedia.org/wiki/nike.com/\n",
    "pages": 209,
    "title": "Nike"
  },
  {
    "language": "English",
    "link": "https://en.wikipedia.org/wiki/cotopaxi.com/\n",
    "pages": 209,
    "title": "Cotopaxi"
  },
  {
    "language": "English",
    "link": "https://en.wikipedia.org/wiki/colgate.com/\n",
    "pages": 209,
    "title": "Colgate"
  },
  {
    "language": "English",
    "link": "https://en.wikipedia.org/wiki/valentino.com/\n",
    "pages": 209,
    "title": "Valentino"
  },
  {
    "language": "English",
    "link": "https://en.wikipedia.org/wiki/curology.com/\n",
    "pages": 209,
    "title": "Curology"
  },
  {
    "language": "English",
    "link": "https://en.wikipedia.org/wiki/purple.com/\n",
    "pages": 209,
    "title": "Purple"
  }
 
]
